Seller Username,Profile URL
@modelcarshouston,https://www.tiktok.com/@modelcarshouston
@sisdiecast3.0,https://www.tiktok.com/@sisdiecast3.0
@xfdlin,https://www.tiktok.com/@xfdlin
@matsiam14,https://www.tiktok.com/@matsiam14
@affif_intizam,https://www.tiktok.com/@affif_intizam
@nikikmalhafizie,https://www.tiktok.com/@nikikmalhafizie
@alikhlasgadget,https://www.tiktok.com/@alikhlasgadget
@callmearab,https://www.tiktok.com/@callmearab
@nakieracer,https://www.tiktok.com/@nakieracer
@diexxfigure_studio,https://www.tiktok.com/@diexxfigure_studio
@alikhlasdiecastkkangsar,https://www.tiktok.com/@alikhlasdiecastkkangsar
@toygiant,https://www.tiktok.com/@toygiant
